seed,mode,method,lr,steps,test,seconds,persistent_total,flips
41,frozen,guarded,0.0,600,2.1260772198438644,8.20100458701154,681200,0.0
41,native,svd,0.001,600,2.1338050179183483,12.869199335998928,681200,447.0
42,frozen,guarded,0.0,600,2.124197093769908,8.008919650005282,681200,0.0
40,frozen,svd,0.0,600,2.1280152462422848,7.684525191997864,681200,0.0
41,qat_adam,guarded,0.001,600,2.1247788909822702,8.015567475002172,911504,
41,frozen,svd,0.0,600,2.1287703663110733,9.229520090998449,681200,0.0
42,native,guarded,0.001,600,2.126556871458888,11.941454049995627,681200,159.0
42,qat_adam,guarded,0.001,600,2.1237589959055185,7.643478422987755,911504,
40,native,svd,0.001,600,2.132485510781408,12.496382473998665,681200,474.0
42,dense,svd,0.0003,600,2.082892205566168,7.170935786006794,1433168,
41,native,guarded,0.001,600,2.1291255429387093,13.2586914000035,681200,194.0
40,qat_adam,svd,0.001,600,2.1396707706153397,8.000810268000578,911504,
41,qat_adam,svd,0.001,600,2.1335030514746904,7.960958093995032,911504,
40,native,guarded,0.001,600,2.128582710400224,12.188179564007896,681200,167.0
40,frozen,guarded,0.0,600,2.1245180778205395,8.15652305200183,681200,0.0
41,dense,svd,0.0003,600,2.085064521059394,7.319692066001153,1433168,
40,dense,svd,0.0003,600,2.084269454702735,7.472096360998648,1433168,
42,frozen,svd,0.0,600,2.127249518409372,7.82618228700494,681200,0.0
42,qat_adam,svd,0.001,600,2.136879250407219,8.249585413001114,911504,
40,qat_adam,guarded,0.001,600,2.1254994068294764,7.872966622997183,911504,
42,native,svd,0.001,600,2.135678501799702,12.066821688998516,681200,417.0
